First Name,Last Name,Email
Horacio,Babb,HoracioBabb@yourcompany.com
Shannan,Chesser,ShannanChesser@yourcompany.com
Karyn,Johns,KarynJohns@yourcompany.com
Dylan,Mckinley,DylanMckinley@yourcompany.com
Paola,Ramsay,PaolaRamsay@yourcompany.com
James,Larry,JamesLarry@yourcompany.com
Lu,Veal,LuVeal@yourcompany.com
Jerrica,Costa,JerricaCosta@yourcompany.com
Marchelle,Bloom,MarchelleBloom@yourcompany.com
Lorean,Bingham,LoreanBingham@yourcompany.com
Andra,Mckeown,AndraMckeown@yourcompany.com
Jefferson,Mcafee,JeffersonMcafee@yourcompany.com
Ceola,Knowlton,CeolaKnowlton@yourcompany.com
Lashanda,Ibarra,LashandaIbarra@yourcompany.com
Johnson,Gallant,JohnsonGallant@yourcompany.com
Marilu,Briones,MariluBriones@yourcompany.com
Wenona,Dunham,WenonaDunham@yourcompany.com
Joi,Kohn,JoiKohn@yourcompany.com
Elenor,Temple,ElenorTemple@yourcompany.com
Rory,Solomon,RorySolomon@yourcompany.com
Prudence,Travers,PrudenceTravers@yourcompany.com
Zoe,Sands,ZoeSands@yourcompany.com
Thomasena,Cosgrove,ThomasenaCosgrove@yourcompany.com
Ara,Danielson,AraDanielson@yourcompany.com
Arianna,Irby,AriannaIrby@yourcompany.com
